{"Barney": {"followers": [34020.0, null], "popularity": [56.0, null], "danceability": [0.976, null], "energy": [0.66, null], "key": [7.0, null], "loudness": [-7.952, null], "mode": [1.0, null], "speechiness": [0.0351, null], "acousticness": [0.0731, null], "instrumentalness": [0.0, null], "liveness": [0.0486, null], "valence": [0.996, null], "tempo": [113.957, null], "duration_ms": [56827.0, null], "time_signature": [4.0, null], "chorus_hit": [8.65094, null], "sections": [3.0, null], "target": [0.0, null]}, "Bert & Ernie": {"followers": [916.0, null], "popularity": [39.0, null], "danceability": [0.634, null], "energy": [0.376, null], "key": [3.0, null], "loudness": [-10.77, null], "mode": [1.0, null], "speechiness": [0.323, null], "acousticness": [0.704, null], "instrumentalness": [0.0, null], "liveness": [0.336, null], "valence": [0.556, null], "tempo": [96.521, null], "duration_ms": [114173.0, null], "time_signature": [4.0, null], "chorus_hit": [47.38712, null], "sections": [6.0, null], "target": [0.0, null]}, "Big Bird": {"followers": [3779.0, null], "popularity": [52.0, null], "danceability": [0.678, null], "energy": [0.445, null], "key": [0.0, null], "loudness": [-10.363, null], "mode": [1.0, null], "speechiness": [0.0546, null], "acousticness": [0.454, null], "instrumentalness": [0.0, null], "liveness": [0.21, null], "valence": [0.644, null], "tempo": [143.671, null], "duration_ms": [148373.0, null], "time_signature": [4.0, null], "chorus_hit": [51.29207, null], "sections": [7.0, null], "target": [0.0, null]}, "Cookie Monster": {"followers": [10483.0, 0.0], "popularity": [48.0, 0.0], "danceability": [0.654, 0.2743574311], "energy": [0.5465, 0.1845548699], "key": [6.0, 1.4142135624], "loudness": [-12.023, 1.5528064915], "mode": [1.0, 0.0], "speechiness": [0.1141, 0.0337997041], "acousticness": [0.826, 0.0919238816], "instrumentalness": [0.0, 0.0], "liveness": [0.1633, 0.1183696752], "valence": [0.4895, 0.1590990258], "tempo": [94.052, 2.8934809486], "duration_ms": [145753.5, 37400.9989773001], "time_signature": [3.5, 0.7071067812], "chorus_hit": [29.000735, 6.3640529546], "sections": [9.0, 2.8284271247], "target": [0.0, 0.0]}, "Elmo": {"followers": [14000.0, 0.0], "popularity": [59.0, 0.0], "danceability": [0.7615, 0.0827085243], "energy": [0.4438333333, 0.0994292043], "key": [5.3333333333, 3.5023801431], "loudness": [-9.4221666667, 2.2000144924], "mode": [1.0, 0.0], "speechiness": [0.0735, 0.0388369927], "acousticness": [0.5063333333, 0.2331974843], "instrumentalness": [0.0001725, 0.0002791371], "liveness": [0.1513, 0.099681252], "valence": [0.8565, 0.1550893291], "tempo": [124.6123333333, 22.3693570195], "duration_ms": [139462.1666666667, 30433.3518917432], "time_signature": [4.0, 0.0], "chorus_hit": [45.8927583333, 12.7762983119], "sections": [6.5, 1.7606816862], "target": [0.0, 0.0]}, "Oscar the Grouch": {"followers": [2157.0, null], "popularity": [42.0, null], "danceability": [0.778, null], "energy": [0.573, null], "key": [0.0, null], "loudness": [-9.285, null], "mode": [1.0, null], "speechiness": [0.355, null], "acousticness": [0.795, null], "instrumentalness": [0.0, null], "liveness": [0.753, null], "valence": [0.966, null], "tempo": [107.087, null], "duration_ms": [64773.0, null], "time_signature": [3.0, null], "chorus_hit": [11.3163, null], "sections": [3.0, null], "target": [0.0, null]}, "Pinkfong": {"followers": [109705.0, null], "popularity": [70.0, null], "danceability": [0.825, null], "energy": [0.84, null], "key": [7.0, null], "loudness": [-3.651, null], "mode": [1.0, null], "speechiness": [0.227, null], "acousticness": [0.245, null], "instrumentalness": [0.0, null], "liveness": [0.341, null], "valence": [0.52, null], "tempo": [115.062, null], "duration_ms": [96333.0, null], "time_signature": [4.0, null], "chorus_hit": [80.72202, null], "sections": [3.0, null], "target": [1.0, null]}, "Pok\u00e9mon": {"followers": [201496.0, 0.0], "popularity": [57.0, 0.0], "danceability": [0.6831111111, 0.1426713395], "energy": [0.6998888889, 0.2352819821], "key": [5.1111111111, 4.1965594373], "loudness": [-7.236, 1.1794480701], "mode": [0.6666666667, 0.5], "speechiness": [0.0753222222, 0.0587056807], "acousticness": [0.2185222222, 0.2175459881], "instrumentalness": [1.69511e-05, 4.7334e-05], "liveness": [0.1892, 0.2085208323], "valence": [0.6058888889, 0.2070654754], "tempo": [125.8598888889, 29.4066401746], "duration_ms": [224573.2222222222, 37909.8820025128], "time_signature": [4.0, 0.0], "chorus_hit": [51.0442422222, 22.8122402236], "sections": [9.6666666667, 2.3452078799], "target": [0.0, 0.0]}, "Teenage Mutant Ninja Turtles": {"followers": [21422.0, 0.0], "popularity": [45.0, 0.0], "danceability": [0.753, 0.2121320344], "energy": [0.717, 0.1838477631], "key": [8.0, 1.4142135624], "loudness": [-8.1945, 0.5762920267], "mode": [0.5, 0.7071067812], "speechiness": [0.11485, 0.1218344984], "acousticness": [0.06525, 0.0689429112], "instrumentalness": [8.3e-06, 1.1738e-05], "liveness": [0.15715, 0.1850498446], "valence": [0.8085, 0.0869741341], "tempo": [109.0065, 2.8461047943], "duration_ms": [216546.5, 50892.5963623394], "time_signature": [4.0, 0.0], "chorus_hit": [31.29508, 7.4249747558], "sections": [10.0, 1.4142135624], "target": [0.0, 0.0]}, "VeggieTales": {"followers": [68534.0, 0.0], "popularity": [56.0, 0.0], "danceability": [0.6688, 0.0803971393], "energy": [0.5372, 0.1828379064], "key": [3.6, 0.894427191], "loudness": [-8.646, 1.6958545044], "mode": [1.0, 0.0], "speechiness": [0.3276, 0.1575525309], "acousticness": [0.6788, 0.1864945039], "instrumentalness": [0.0, 0.0], "liveness": [0.1258, 0.0277073997], "valence": [0.6774, 0.1822931705], "tempo": [121.09, 24.7214438191], "duration_ms": [112328.2, 16734.6963731046], "time_signature": [4.0, 0.0], "chorus_hit": [53.875318, 22.1609760146], "sections": [5.4, 0.5477225575], "target": [0.0, 0.0]}}