{"Barney": {"followers": [34020.0, null], "popularity": [56.0, null], "danceability": [0.976, null], "energy": [0.66, null], "key": [7.0, null], "loudness": [-7.952, null], "mode": [1.0, null], "speechiness": [0.0351, null], "acousticness": [0.0731, null], "instrumentalness": [0.0, null], "liveness": [0.0486, null], "valence": [0.996, null], "tempo": [113.957, null], "duration_ms": [56827.0, null], "time_signature": [4.0, null], "chorus_hit": [8.65094, null], "sections": [3.0, null], "target": [0.0, null]}, "Bert & Ernie": {"followers": [916.0, null], "popularity": [39.0, null], "danceability": [0.634, null], "energy": [0.376, null], "key": [3.0, null], "loudness": [-10.77, null], "mode": [1.0, null], "speechiness": [0.323, null], "acousticness": [0.704, null], "instrumentalness": [0.0, null], "liveness": [0.336, null], "valence": [0.556, null], "tempo": [96.521, null], "duration_ms": [114173.0, null], "time_signature": [4.0, null], "chorus_hit": [47.38712, null], "sections": [6.0, null], "target": [0.0, null]}, "Big Bird": {"followers": [3779.0, null], "popularity": [52.0, null], "danceability": [0.678, null], "energy": [0.445, null], "key": [0.0, null], "loudness": [-10.363, null], "mode": [1.0, null], "speechiness": [0.0546, null], "acousticness": [0.454, null], "instrumentalness": [0.0, null], "liveness": [0.21, null], "valence": [0.644, null], "tempo": [143.671, null], "duration_ms": [148373.0, null], "time_signature": [4.0, null], "chorus_hit": [51.29207, null], "sections": [7.0, null], "target": [0.0, null]}, "Cookie Monster": {"followers": [10483.0, 0.0], "popularity": [48.0, 0.0], "danceability": [0.654, 0.2743574311], "energy": [0.5465, 0.1845548699], "key": [6.0, 1.4142135624], "loudness": [-12.023, 1.5528064915], "mode": [1.0, 0.0], "speechiness": [0.1141, 0.0337997041], "acousticness": [0.826, 0.0919238816], "instrumentalness": [0.0, 0.0], "liveness": [0.1633, 0.1183696752], "valence": [0.4895, 0.1590990258], "tempo": [94.052, 2.8934809486], "duration_ms": [145753.5, 37400.9989773001], "time_signature": [3.5, 0.7071067812], "chorus_hit": [29.000735, 6.3640529546], "sections": [9.0, 2.8284271247], "target": [0.0, 0.0]}, "Ella Jenkins": {"followers": [7289.0, 0.0], "popularity": [40.0, 0.0], "danceability": [0.5508235294, 0.1299577986], "energy": [0.2123529412, 0.0975816397], "key": [6.0, 2.9368350311], "loudness": [-13.512, 2.1260980986], "mode": [0.7058823529, 0.4696682183], "speechiness": [0.1353176471, 0.2212355652], "acousticness": [0.903, 0.1052390137], "instrumentalness": [8.559e-07, 3.0848e-06], "liveness": [0.2080588235, 0.0942266023], "valence": [0.5400588235, 0.1804173878], "tempo": [100.0150588235, 34.4004909712], "duration_ms": [119270.5294117647, 59060.0072131278], "time_signature": [3.6470588235, 0.8617697249], "chorus_hit": [30.75755, 24.2230972356], "sections": [5.4705882353, 2.7640017877], "target": [0.0, 0.0]}, "Elmo": {"followers": [14000.0, 0.0], "popularity": [59.0, 0.0], "danceability": [0.7615, 0.0827085243], "energy": [0.4438333333, 0.0994292043], "key": [5.3333333333, 3.5023801431], "loudness": [-9.4221666667, 2.2000144924], "mode": [1.0, 0.0], "speechiness": [0.0735, 0.0388369927], "acousticness": [0.5063333333, 0.2331974843], "instrumentalness": [0.0001725, 0.0002791371], "liveness": [0.1513, 0.099681252], "valence": [0.8565, 0.1550893291], "tempo": [124.6123333333, 22.3693570195], "duration_ms": [139462.1666666667, 30433.3518917432], "time_signature": [4.0, 0.0], "chorus_hit": [45.8927583333, 12.7762983119], "sections": [6.5, 1.7606816862], "target": [0.0, 0.0]}, "John Kane": {"followers": [749.0, null], "popularity": [32.0, null], "danceability": [0.669, null], "energy": [0.724, null], "key": [7.0, null], "loudness": [-7.432, null], "mode": [1.0, null], "speechiness": [0.0245, null], "acousticness": [0.1, null], "instrumentalness": [0.0, null], "liveness": [0.0782, null], "valence": [0.668, null], "tempo": [95.951, null], "duration_ms": [283525.0, null], "time_signature": [4.0, null], "chorus_hit": [35.85228, null], "sections": [15.0, null], "target": [0.0, null]}, "Kimbo Children's Music": {"followers": [3003.0, null], "popularity": [35.0, null], "danceability": [0.936, null], "energy": [0.258, null], "key": [0.0, null], "loudness": [-13.76, null], "mode": [1.0, null], "speechiness": [0.0571, null], "acousticness": [0.111, null], "instrumentalness": [0.0, null], "liveness": [0.0586, null], "valence": [0.555, null], "tempo": [124.799, null], "duration_ms": [84280.0, null], "time_signature": [4.0, null], "chorus_hit": [20.18741, null], "sections": [6.0, null], "target": [0.0, null]}, "Larry Groce": {"followers": [3291.0, null], "popularity": [42.0, null], "danceability": [0.44, null], "energy": [0.655, null], "key": [4.0, null], "loudness": [-8.424, null], "mode": [1.0, null], "speechiness": [0.432, null], "acousticness": [0.627, null], "instrumentalness": [0.0, null], "liveness": [0.607, null], "valence": [0.899, null], "tempo": [205.187, null], "duration_ms": [196347.0, null], "time_signature": [4.0, null], "chorus_hit": [38.03111, null], "sections": [10.0, null], "target": [1.0, null]}, "Lisa Loeb": {"followers": [141757.0, 0.0], "popularity": [52.0, 0.0], "danceability": [0.7095, 0.0318198052], "energy": [0.756, 0.0466690476], "key": [5.0, 7.0710678119], "loudness": [-5.8485, 1.1462200923], "mode": [1.0, 0.0], "speechiness": [0.03075, 7.07107e-05], "acousticness": [0.411, 0.1088944443], "instrumentalness": [7.62e-05, 2.43245e-05], "liveness": [0.1545, 0.0558614357], "valence": [0.6825, 0.0685893578], "tempo": [105.1325, 7.1283434611], "duration_ms": [193480.0, 39050.6790978083], "time_signature": [4.0, 0.0], "chorus_hit": [37.521345, 10.6955911062], "sections": [8.5, 2.1213203436], "target": [1.0, 0.0]}, "Music For Little People Choir": {"followers": [2283.0, 0.0], "popularity": [40.0, 0.0], "danceability": [0.769, 0.1321741276], "energy": [0.2452, 0.0545499771], "key": [3.4, 2.19089023], "loudness": [-16.4234, 1.3302897429], "mode": [0.8, 0.4472135955], "speechiness": [0.333, 0.1289689885], "acousticness": [0.5556, 0.1694381893], "instrumentalness": [4.4462e-05, 5.86513e-05], "liveness": [0.2532, 0.1409421867], "valence": [0.6968, 0.2191841691], "tempo": [115.9546, 21.4041913255], "duration_ms": [148306.8, 80793.7312617755], "time_signature": [4.0, 0.0], "chorus_hit": [24.464836, 5.0428361772], "sections": [8.4, 4.2778499272], "target": [0.0, 0.0]}, "Oscar the Grouch": {"followers": [2157.0, null], "popularity": [42.0, null], "danceability": [0.778, null], "energy": [0.573, null], "key": [0.0, null], "loudness": [-9.285, null], "mode": [1.0, null], "speechiness": [0.355, null], "acousticness": [0.795, null], "instrumentalness": [0.0, null], "liveness": [0.753, null], "valence": [0.966, null], "tempo": [107.087, null], "duration_ms": [64773.0, null], "time_signature": [3.0, null], "chorus_hit": [11.3163, null], "sections": [3.0, null], "target": [0.0, null]}, "Parachute Express": {"followers": [1817.0, 0.0], "popularity": [27.0, 0.0], "danceability": [0.6595, 0.0973841192], "energy": [0.3525, 0.1803893936], "key": [5.75, 2.9860788112], "loudness": [-16.051, 2.1820653825], "mode": [1.0, 0.0], "speechiness": [0.05655, 0.0277537385], "acousticness": [0.571, 0.2555151659], "instrumentalness": [0.0002095, 0.000419], "liveness": [0.175625, 0.1146482846], "valence": [0.7405, 0.1262286286], "tempo": [106.89, 24.900745357], "duration_ms": [169163.25, 29519.082453841], "time_signature": [4.0, 0.0], "chorus_hit": [48.8327425, 18.2228630475], "sections": [7.25, 2.0615528128], "target": [0.0, 0.0]}, "Pinkfong": {"followers": [109705.0, null], "popularity": [70.0, null], "danceability": [0.825, null], "energy": [0.84, null], "key": [7.0, null], "loudness": [-3.651, null], "mode": [1.0, null], "speechiness": [0.227, null], "acousticness": [0.245, null], "instrumentalness": [0.0, null], "liveness": [0.341, null], "valence": [0.52, null], "tempo": [115.062, null], "duration_ms": [96333.0, null],